{"cameraMode":{"drawMode":0,"name":"Shaded","section":"Shading Mode"},"sceneLighting":false,"audioPlay":false,"sceneViewState":{"showFog":false,"showMaterialUpdate":false,"showSkybox":false,"showFlares":false,"showImageEffects":false,"showParticleSystems":false},"in2DMode":false,"pivot":{"x":-12.940235137939454,"y":0.1029999852180481,"z":15.067000389099121},"rotation":{"x":0.07433213293552399,"y":-0.8826671242713928,"z":0.1598597913980484,"w":0.4379362463951111},"size":3.5126166343688967,"orthographic":false}