{"cameraMode":{"drawMode":0,"name":"Shaded","section":"Shading Mode"},"sceneLighting":true,"audioPlay":false,"sceneViewState":{"showFog":false,"showMaterialUpdate":false,"showSkybox":false,"showFlares":false,"showImageEffects":false,"showParticleSystems":false},"in2DMode":false,"pivot":{"x":-12.856368064880371,"y":-0.1791081577539444,"z":15.253949165344239},"rotation":{"x":-0.015863971784710885,"y":-0.9861274361610413,"z":0.1638040393590927,"w":-0.04979332163929939},"size":2.33160138130188,"orthographic":false}