{"cameraMode":{"drawMode":0,"name":"Shaded","section":"Shading Mode"},"sceneLighting":false,"audioPlay":false,"sceneViewState":{"showFog":false,"showMaterialUpdate":false,"showSkybox":false,"showFlares":false,"showImageEffects":false,"showParticleSystems":false},"in2DMode":false,"pivot":{"x":-62.66277313232422,"y":4.758260726928711,"z":25.545154571533204},"rotation":{"x":0.12994636595249177,"y":-0.4883960485458374,"z":0.07573920488357544,"w":0.8600439429283142},"size":15.475488662719727,"orthographic":false}